SampleID	BarcodeSequence	LinkerPrimerSequence	RevBarcodeSequence	ReversePrimer	phinchID	DemuxReads	Tissue_type	Extraction_date	Location	Trial	Field	Sampling_date
L-T0-CCC1	ITS	CTTGGTCATTTAGAGGAAGTAA	no_data	GCTGCGTTCTTCATCGATGC	L-T0-CCC1	22275	Leaves	11/17/2022	California	L-T0-CCC1	CA_Field_1	6/1/2021
L-T0-CCC4	ITS	CTTGGTCATTTAGAGGAAGTAA	no_data	GCTGCGTTCTTCATCGATGC	L-T0-CCC4	25950	Leaves	11/17/2022	California	L-T0-CCC4	CA_Field_1	6/1/2021
L-T0-CCH3	ITS	CTTGGTCATTTAGAGGAAGTAA	no_data	GCTGCGTTCTTCATCGATGC	L-T0-CCH3	18959	Leaves	12/19/2022	California	L-T0-CCH3	CA_Field_1	6/1/2021
L-T0-CCH4	ITS	CTTGGTCATTTAGAGGAAGTAA	no_data	GCTGCGTTCTTCATCGATGC	L-T0-CCH4	33685	Leaves	12/19/2022	California	L-T0-CCH4	CA_Field_1	6/1/2021
L-T0-CGC2	ITS	CTTGGTCATTTAGAGGAAGTAA	no_data	GCTGCGTTCTTCATCGATGC	L-T0-CGC2	28623	Leaves	11/17/2022	California	L-T0-CGC2	CA_Field_1	6/1/2021
L-T0-CGC3	ITS	CTTGGTCATTTAGAGGAAGTAA	no_data	GCTGCGTTCTTCATCGATGC	L-T0-CGC3	38223	Leaves	11/17/2022	California	L-T0-CGC3	CA_Field_1	6/1/2021
L-T0-CGC4	ITS	CTTGGTCATTTAGAGGAAGTAA	no_data	GCTGCGTTCTTCATCGATGC	L-T0-CGC4	16353	Leaves	11/17/2022	California	L-T0-CGC4	CA_Field_1	6/1/2021
L-T0-D012	ITS	CTTGGTCATTTAGAGGAAGTAA	no_data	GCTGCGTTCTTCATCGATGC	L-T0-D012	42627	Leaves	11/17/2022	Florida	L-T0-D012	FL_DUDA	5/17/2021
L-T0-D014	ITS	CTTGGTCATTTAGAGGAAGTAA	no_data	GCTGCGTTCTTCATCGATGC	L-T0-D014	10123	Leaves	11/17/2022	Florida	L-T0-D014	FL_DUDA	5/17/2021
L-T0-D021	ITS	CTTGGTCATTTAGAGGAAGTAA	no_data	GCTGCGTTCTTCATCGATGC	L-T0-D021	24493	Leaves	11/17/2022	Florida	L-T0-D021	FL_DUDA	5/17/2021
L-T0-D022	ITS	CTTGGTCATTTAGAGGAAGTAA	no_data	GCTGCGTTCTTCATCGATGC	L-T0-D022	25240	Leaves	11/17/2022	Florida	L-T0-D022	FL_DUDA	5/17/2021
L-T0-D023	ITS	CTTGGTCATTTAGAGGAAGTAA	no_data	GCTGCGTTCTTCATCGATGC	L-T0-D023	20454	Leaves	11/17/2022	Florida	L-T0-D023	FL_DUDA	5/17/2021
L-T0-D032	ITS	CTTGGTCATTTAGAGGAAGTAA	no_data	GCTGCGTTCTTCATCGATGC	L-T0-D032	62154	Leaves	11/29/2022	Florida	L-T0-D032	FL_DUDA	5/17/2021
L-T0-D033	ITS	CTTGGTCATTTAGAGGAAGTAA	no_data	GCTGCGTTCTTCATCGATGC	L-T0-D033	67810	Leaves	11/29/2022	Florida	L-T0-D033	FL_DUDA	5/17/2021
L-T0-D034	ITS	CTTGGTCATTTAGAGGAAGTAA	no_data	GCTGCGTTCTTCATCGATGC	L-T0-D034	79458	Leaves	11/29/2022	Florida	L-T0-D034	FL_DUDA	5/17/2021
L-T0-D041	ITS	CTTGGTCATTTAGAGGAAGTAA	no_data	GCTGCGTTCTTCATCGATGC	L-T0-D041	50779	Leaves	11/29/2022	Florida	L-T0-D041	FL_DUDA	5/17/2021
L-T0-D042	ITS	CTTGGTCATTTAGAGGAAGTAA	no_data	GCTGCGTTCTTCATCGATGC	L-T0-D042	35469	Leaves	11/29/2022	Florida	L-T0-D042	FL_DUDA	5/17/2021
L-T0-D051	ITS	CTTGGTCATTTAGAGGAAGTAA	no_data	GCTGCGTTCTTCATCGATGC	L-T0-D051	16305	Leaves	11/29/2022	Florida	L-T0-D051	FL_DUDA	5/17/2021
L-T0-D061	ITS	CTTGGTCATTTAGAGGAAGTAA	no_data	GCTGCGTTCTTCATCGATGC	L-T0-D061	57469	Leaves	11/29/2022	Florida	L-T0-D061	FL_DUDA	5/17/2021
L-T0-D062	ITS	CTTGGTCATTTAGAGGAAGTAA	no_data	GCTGCGTTCTTCATCGATGC	L-T0-D062	68808	Leaves	11/29/2022	Florida	L-T0-D062	FL_DUDA	5/17/2021
L-T0-D073	ITS	CTTGGTCATTTAGAGGAAGTAA	no_data	GCTGCGTTCTTCATCGATGC	L-T0-D073	65078	Leaves	11/17/2022	Florida	L-T0-D073	FL_DUDA	5/17/2021
L-T0-D074	ITS	CTTGGTCATTTAGAGGAAGTAA	no_data	GCTGCGTTCTTCATCGATGC	L-T0-D074	58358	Leaves	11/17/2022	Florida	L-T0-D074	FL_DUDA	5/17/2021
L-T0-D083	ITS	CTTGGTCATTTAGAGGAAGTAA	no_data	GCTGCGTTCTTCATCGATGC	L-T0-D083	22453	Leaves	11/17/2022	Florida	L-T0-D083	FL_DUDA	5/17/2021
L-T0-D084	ITS	CTTGGTCATTTAGAGGAAGTAA	no_data	GCTGCGTTCTTCATCGATGC	L-T0-D084	7563	Leaves	11/17/2022	Florida	L-T0-D084	FL_DUDA	5/17/2021
L-T0-D093	ITS	CTTGGTCATTTAGAGGAAGTAA	no_data	GCTGCGTTCTTCATCGATGC	L-T0-D093	15984	Leaves	11/17/2022	Florida	L-T0-D093	FL_DUDA	5/17/2021
L-T0-D101	ITS	CTTGGTCATTTAGAGGAAGTAA	no_data	GCTGCGTTCTTCATCGATGC	L-T0-D101	15111	Leaves	11/17/2022	Florida	L-T0-D101	FL_DUDA	5/17/2021
L-T0-D102	ITS	CTTGGTCATTTAGAGGAAGTAA	no_data	GCTGCGTTCTTCATCGATGC	L-T0-D102	12129	Leaves	11/17/2022	Florida	L-T0-D102	FL_DUDA	5/17/2021
L-T0-D104	ITS	CTTGGTCATTTAGAGGAAGTAA	no_data	GCTGCGTTCTTCATCGATGC	L-T0-D104	22439	Leaves	11/17/2022	Florida	L-T0-D104	FL_DUDA	5/17/2021
L-T0-D111	ITS	CTTGGTCATTTAGAGGAAGTAA	no_data	GCTGCGTTCTTCATCGATGC	L-T0-D111	10397	Leaves	11/17/2022	Florida	L-T0-D111	FL_DUDA	5/17/2021
L-T0-D112	ITS	CTTGGTCATTTAGAGGAAGTAA	no_data	GCTGCGTTCTTCATCGATGC	L-T0-D112	37151	Leaves	11/17/2022	Florida	L-T0-D112	FL_DUDA	5/17/2021
L-T0-D113	ITS	CTTGGTCATTTAGAGGAAGTAA	no_data	GCTGCGTTCTTCATCGATGC	L-T0-D113	21852	Leaves	11/17/2022	Florida	L-T0-D113	FL_DUDA	5/17/2021
L-T0-D114	ITS	CTTGGTCATTTAGAGGAAGTAA	no_data	GCTGCGTTCTTCATCGATGC	L-T0-D114	70090	Leaves	11/17/2022	Florida	L-T0-D114	FL_DUDA	5/17/2021
L-T0-D121	ITS	CTTGGTCATTTAGAGGAAGTAA	no_data	GCTGCGTTCTTCATCGATGC	L-T0-D121	37217	Leaves	11/17/2022	Florida	L-T0-D121	FL_DUDA	5/17/2021
L-T0-D123	ITS	CTTGGTCATTTAGAGGAAGTAA	no_data	GCTGCGTTCTTCATCGATGC	L-T0-D123	50323	Leaves	11/17/2022	Florida	L-T0-D123	FL_DUDA	5/17/2021
L-T0-D131	ITS	CTTGGTCATTTAGAGGAAGTAA	no_data	GCTGCGTTCTTCATCGATGC	L-T0-D131	29948	Leaves	11/17/2022	Florida	L-T0-D131	FL_DUDA	5/17/2021
L-T0-D132	ITS	CTTGGTCATTTAGAGGAAGTAA	no_data	GCTGCGTTCTTCATCGATGC	L-T0-D132	6778	Leaves	11/17/2022	Florida	L-T0-D132	FL_DUDA	5/17/2021
L-T0-D133	ITS	CTTGGTCATTTAGAGGAAGTAA	no_data	GCTGCGTTCTTCATCGATGC	L-T0-D133	8826	Leaves	11/17/2022	Florida	L-T0-D133	FL_DUDA	5/17/2021
L-T0-D142	ITS	CTTGGTCATTTAGAGGAAGTAA	no_data	GCTGCGTTCTTCATCGATGC	L-T0-D142	12174	Leaves	12/19/2022	Florida	L-T0-D142	FL_DUDA	5/17/2021
L-T0-D143	ITS	CTTGGTCATTTAGAGGAAGTAA	no_data	GCTGCGTTCTTCATCGATGC	L-T0-D143	58006	Leaves	12/19/2022	Florida	L-T0-D143	FL_DUDA	5/17/2021
L-T0-LB011	ITS	CTTGGTCATTTAGAGGAAGTAA	no_data	GCTGCGTTCTTCATCGATGC	L-T0-LB011	61910	Leaves	11/29/2022	Florida	L-T0-LB011	FL_Larry_Black	5/20/2021
L-T0-LB021	ITS	CTTGGTCATTTAGAGGAAGTAA	no_data	GCTGCGTTCTTCATCGATGC	L-T0-LB021	45239	Leaves	11/29/2022	Florida	L-T0-LB021	FL_Larry_Black	5/20/2021
L-T0-LB032	ITS	CTTGGTCATTTAGAGGAAGTAA	no_data	GCTGCGTTCTTCATCGATGC	L-T0-LB032	19380	Leaves	11/29/2022	Florida	L-T0-LB032	FL_Larry_Black	5/20/2021
L-T0-LB041	ITS	CTTGGTCATTTAGAGGAAGTAA	no_data	GCTGCGTTCTTCATCGATGC	L-T0-LB041	43108	Leaves	11/29/2022	Florida	L-T0-LB041	FL_Larry_Black	5/20/2021
L-T0-LB042	ITS	CTTGGTCATTTAGAGGAAGTAA	no_data	GCTGCGTTCTTCATCGATGC	L-T0-LB042	14551	Leaves	11/29/2022	Florida	L-T0-LB042	FL_Larry_Black	5/20/2021
L-T0-LB051	ITS	CTTGGTCATTTAGAGGAAGTAA	no_data	GCTGCGTTCTTCATCGATGC	L-T0-LB051	12433	Leaves	11/29/2022	Florida	L-T0-LB051	FL_Larry_Black	5/20/2021
L-T0-LB052	ITS	CTTGGTCATTTAGAGGAAGTAA	no_data	GCTGCGTTCTTCATCGATGC	L-T0-LB052	78726	Leaves	11/29/2022	Florida	L-T0-LB052	FL_Larry_Black	5/20/2021
L-T0-LB071	ITS	CTTGGTCATTTAGAGGAAGTAA	no_data	GCTGCGTTCTTCATCGATGC	L-T0-LB071	20677	Leaves	11/29/2022	Florida	L-T0-LB071	FL_Larry_Black	5/20/2021
L-T0-LB072	ITS	CTTGGTCATTTAGAGGAAGTAA	no_data	GCTGCGTTCTTCATCGATGC	L-T0-LB072	20197	Leaves	11/29/2022	Florida	L-T0-LB072	FL_Larry_Black	5/20/2021
L-T0-LB092	ITS	CTTGGTCATTTAGAGGAAGTAA	no_data	GCTGCGTTCTTCATCGATGC	L-T0-LB092	86833	Leaves	11/29/2022	Florida	L-T0-LB092	FL_Larry_Black	5/20/2021
L-T0-LB102	ITS	CTTGGTCATTTAGAGGAAGTAA	no_data	GCTGCGTTCTTCATCGATGC	L-T0-LB102	18104	Leaves	11/29/2022	Florida	L-T0-LB102	FL_Larry_Black	5/20/2021
L-T0-LB111	ITS	CTTGGTCATTTAGAGGAAGTAA	no_data	GCTGCGTTCTTCATCGATGC	L-T0-LB111	27274	Leaves	11/29/2022	Florida	L-T0-LB111	FL_Larry_Black	5/20/2021
L-T0-LB112	ITS	CTTGGTCATTTAGAGGAAGTAA	no_data	GCTGCGTTCTTCATCGATGC	L-T0-LB112	20404	Leaves	11/29/2022	Florida	L-T0-LB112	FL_Larry_Black	5/20/2021
L-T0-LB121	ITS	CTTGGTCATTTAGAGGAAGTAA	no_data	GCTGCGTTCTTCATCGATGC	L-T0-LB121	74905	Leaves	11/29/2022	Florida	L-T0-LB121	FL_Larry_Black	5/20/2021
L-T0-MCC1	ITS	CTTGGTCATTTAGAGGAAGTAA	no_data	GCTGCGTTCTTCATCGATGC	L-T0-MCC1	6812	Leaves	11/17/2022	California	L-T0-MCC1	CA_Field_1	6/1/2021
L-T0-MCC2	ITS	CTTGGTCATTTAGAGGAAGTAA	no_data	GCTGCGTTCTTCATCGATGC	L-T0-MCC2	3885	Leaves	11/17/2022	California	L-T0-MCC2	CA_Field_1	6/1/2021
L-T0-MCC3	ITS	CTTGGTCATTTAGAGGAAGTAA	no_data	GCTGCGTTCTTCATCGATGC	L-T0-MCC3	16773	Leaves	11/17/2022	California	L-T0-MCC3	CA_Field_1	6/1/2021
L-T0-MCH1	ITS	CTTGGTCATTTAGAGGAAGTAA	no_data	GCTGCGTTCTTCATCGATGC	L-T0-MCH1	4635	Leaves	11/17/2022	California	L-T0-MCH1	CA_Field_1	6/1/2021
L-T0-MCH2	ITS	CTTGGTCATTTAGAGGAAGTAA	no_data	GCTGCGTTCTTCATCGATGC	L-T0-MCH2	15929	Leaves	11/17/2022	California	L-T0-MCH2	CA_Field_1	6/1/2021
L-T0-MGC1	ITS	CTTGGTCATTTAGAGGAAGTAA	no_data	GCTGCGTTCTTCATCGATGC	L-T0-MGC1	5456	Leaves	11/17/2022	California	L-T0-MGC1	CA_Field_1	6/1/2021
L-T0-MGH1	ITS	CTTGGTCATTTAGAGGAAGTAA	no_data	GCTGCGTTCTTCATCGATGC	L-T0-MGH1	5724	Leaves	11/17/2022	California	L-T0-MGH1	CA_Field_1	6/1/2021
L-T0-MGH2	ITS	CTTGGTCATTTAGAGGAAGTAA	no_data	GCTGCGTTCTTCATCGATGC	L-T0-MGH2	4977	Leaves	11/17/2022	California	L-T0-MGH2	CA_Field_1	6/1/2021
L-T0-MGH3	ITS	CTTGGTCATTTAGAGGAAGTAA	no_data	GCTGCGTTCTTCATCGATGC	L-T0-MGH3	22812	Leaves	11/17/2022	California	L-T0-MGH3	CA_Field_1	6/1/2021
L-T1-CCC2	ITS	CTTGGTCATTTAGAGGAAGTAA	no_data	GCTGCGTTCTTCATCGATGC	L-T1-CCC2	56183	Leaves	11/22/2022	California	L-T1-CCC2	CA_Field_1	6/8/2022
L-T1-CCC3	ITS	CTTGGTCATTTAGAGGAAGTAA	no_data	GCTGCGTTCTTCATCGATGC	L-T1-CCC3	37190	Leaves	11/22/2022	California	L-T1-CCC3	CA_Field_1	6/8/2022
L-T1-CCC4	ITS	CTTGGTCATTTAGAGGAAGTAA	no_data	GCTGCGTTCTTCATCGATGC	L-T1-CCC4	27226	Leaves	11/22/2022	California	L-T1-CCC4	CA_Field_1	6/8/2022
L-T1-CCH2	ITS	CTTGGTCATTTAGAGGAAGTAA	no_data	GCTGCGTTCTTCATCGATGC	L-T1-CCH2	31788	Leaves	11/22/2022	California	L-T1-CCH2	CA_Field_1	6/8/2022
L-T1-CCH3	ITS	CTTGGTCATTTAGAGGAAGTAA	no_data	GCTGCGTTCTTCATCGATGC	L-T1-CCH3	47269	Leaves	11/22/2022	California	L-T1-CCH3	CA_Field_1	6/8/2022
L-T1-CCH4	ITS	CTTGGTCATTTAGAGGAAGTAA	no_data	GCTGCGTTCTTCATCGATGC	L-T1-CCH4	11081	Leaves	11/22/2022	California	L-T1-CCH4	CA_Field_1	6/8/2022
L-T1-CGC4	ITS	CTTGGTCATTTAGAGGAAGTAA	no_data	GCTGCGTTCTTCATCGATGC	L-T1-CGC4	76423	Leaves	11/22/2022	California	L-T1-CGC4	CA_Field_1	6/8/2022
L-T1-CGH2	ITS	CTTGGTCATTTAGAGGAAGTAA	no_data	GCTGCGTTCTTCATCGATGC	L-T1-CGH2	8254	Leaves	11/22/2022	California	L-T1-CGH2	CA_Field_1	6/8/2022
L-T1-CGH3	ITS	CTTGGTCATTTAGAGGAAGTAA	no_data	GCTGCGTTCTTCATCGATGC	L-T1-CGH3	51110	Leaves	11/22/2022	California	L-T1-CGH3	CA_Field_1	6/8/2022
L-T1-D011	ITS	CTTGGTCATTTAGAGGAAGTAA	no_data	GCTGCGTTCTTCATCGATGC	L-T1-D011	34237	Leaves	11/22/2022	Florida	L-T1-D011	FL_DUDA	5/17/2021
L-T1-D012	ITS	CTTGGTCATTTAGAGGAAGTAA	no_data	GCTGCGTTCTTCATCGATGC	L-T1-D012	27486	Leaves	11/22/2022	Florida	L-T1-D012	FL_DUDA	5/17/2021
L-T1-D013	ITS	CTTGGTCATTTAGAGGAAGTAA	no_data	GCTGCGTTCTTCATCGATGC	L-T1-D013	56588	Leaves	11/22/2022	Florida	L-T1-D013	FL_DUDA	5/17/2021
L-T1-D014	ITS	CTTGGTCATTTAGAGGAAGTAA	no_data	GCTGCGTTCTTCATCGATGC	L-T1-D014	62789	Leaves	11/22/2022	Florida	L-T1-D014	FL_DUDA	5/17/2021
L-T1-D021	ITS	CTTGGTCATTTAGAGGAAGTAA	no_data	GCTGCGTTCTTCATCGATGC	L-T1-D021	52303	Leaves	11/22/2022	Florida	L-T1-D021	FL_DUDA	5/17/2021
L-T1-D023	ITS	CTTGGTCATTTAGAGGAAGTAA	no_data	GCTGCGTTCTTCATCGATGC	L-T1-D023	35441	Leaves	11/22/2022	Florida	L-T1-D023	FL_DUDA	5/17/2021
L-T1-D024	ITS	CTTGGTCATTTAGAGGAAGTAA	no_data	GCTGCGTTCTTCATCGATGC	L-T1-D024	44755	Leaves	11/22/2022	Florida	L-T1-D024	FL_DUDA	5/17/2021
L-T1-D032	ITS	CTTGGTCATTTAGAGGAAGTAA	no_data	GCTGCGTTCTTCATCGATGC	L-T1-D032	18823	Leaves	11/22/2022	Florida	L-T1-D032	FL_DUDA	5/17/2021
L-T1-D033	ITS	CTTGGTCATTTAGAGGAAGTAA	no_data	GCTGCGTTCTTCATCGATGC	L-T1-D033	30375	Leaves	11/22/2022	Florida	L-T1-D033	FL_DUDA	5/17/2021
L-T1-D034	ITS	CTTGGTCATTTAGAGGAAGTAA	no_data	GCTGCGTTCTTCATCGATGC	L-T1-D034	71188	Leaves	11/22/2022	Florida	L-T1-D034	FL_DUDA	5/17/2021
L-T1-D043	ITS	CTTGGTCATTTAGAGGAAGTAA	no_data	GCTGCGTTCTTCATCGATGC	L-T1-D043	74845	Leaves	11/22/2022	Florida	L-T1-D043	FL_DUDA	5/17/2021
L-T1-D044	ITS	CTTGGTCATTTAGAGGAAGTAA	no_data	GCTGCGTTCTTCATCGATGC	L-T1-D044	58616	Leaves	11/22/2022	Florida	L-T1-D044	FL_DUDA	5/17/2021
L-T1-D051	ITS	CTTGGTCATTTAGAGGAAGTAA	no_data	GCTGCGTTCTTCATCGATGC	L-T1-D051	59913	Leaves	11/22/2022	Florida	L-T1-D051	FL_DUDA	5/17/2021
L-T1-D062	ITS	CTTGGTCATTTAGAGGAAGTAA	no_data	GCTGCGTTCTTCATCGATGC	L-T1-D062	15538	Leaves	11/22/2022	Florida	L-T1-D062	FL_DUDA	5/17/2021
L-T1-D072	ITS	CTTGGTCATTTAGAGGAAGTAA	no_data	GCTGCGTTCTTCATCGATGC	L-T1-D072	70812	Leaves	11/22/2022	Florida	L-T1-D072	FL_DUDA	5/17/2021
L-T1-D082	ITS	CTTGGTCATTTAGAGGAAGTAA	no_data	GCTGCGTTCTTCATCGATGC	L-T1-D082	27218	Leaves	11/22/2022	Florida	L-T1-D082	FL_DUDA	5/17/2021
L-T1-D083	ITS	CTTGGTCATTTAGAGGAAGTAA	no_data	GCTGCGTTCTTCATCGATGC	L-T1-D083	13853	Leaves	11/22/2022	Florida	L-T1-D083	FL_DUDA	5/17/2021
L-T1-D092	ITS	CTTGGTCATTTAGAGGAAGTAA	no_data	GCTGCGTTCTTCATCGATGC	L-T1-D092	46367	Leaves	11/22/2022	Florida	L-T1-D092	FL_DUDA	5/17/2021
L-T1-D094	ITS	CTTGGTCATTTAGAGGAAGTAA	no_data	GCTGCGTTCTTCATCGATGC	L-T1-D094	72470	Leaves	11/22/2022	Florida	L-T1-D094	FL_DUDA	5/17/2021
L-T1-D101	ITS	CTTGGTCATTTAGAGGAAGTAA	no_data	GCTGCGTTCTTCATCGATGC	L-T1-D101	32031	Leaves	11/22/2022	Florida	L-T1-D101	FL_DUDA	5/17/2021
L-T1-D102	ITS	CTTGGTCATTTAGAGGAAGTAA	no_data	GCTGCGTTCTTCATCGATGC	L-T1-D102	16588	Leaves	11/22/2022	Florida	L-T1-D102	FL_DUDA	5/17/2021
L-T1-D104	ITS	CTTGGTCATTTAGAGGAAGTAA	no_data	GCTGCGTTCTTCATCGATGC	L-T1-D104	67307	Leaves	11/22/2022	Florida	L-T1-D104	FL_DUDA	5/17/2021
L-T1-D112	ITS	CTTGGTCATTTAGAGGAAGTAA	no_data	GCTGCGTTCTTCATCGATGC	L-T1-D112	4038	Leaves	11/22/2022	Florida	L-T1-D112	FL_DUDA	5/17/2021
L-T1-D113	ITS	CTTGGTCATTTAGAGGAAGTAA	no_data	GCTGCGTTCTTCATCGATGC	L-T1-D113	49148	Leaves	11/22/2022	Florida	L-T1-D113	FL_DUDA	5/17/2021
L-T1-D114	ITS	CTTGGTCATTTAGAGGAAGTAA	no_data	GCTGCGTTCTTCATCGATGC	L-T1-D114	39500	Leaves	11/22/2022	Florida	L-T1-D114	FL_DUDA	5/17/2021
L-T1-D121	ITS	CTTGGTCATTTAGAGGAAGTAA	no_data	GCTGCGTTCTTCATCGATGC	L-T1-D121	36257	Leaves	11/22/2022	Florida	L-T1-D121	FL_DUDA	5/17/2021
L-T1-D122	ITS	CTTGGTCATTTAGAGGAAGTAA	no_data	GCTGCGTTCTTCATCGATGC	L-T1-D122	65345	Leaves	11/22/2022	Florida	L-T1-D122	FL_DUDA	5/17/2021
L-T1-D123	ITS	CTTGGTCATTTAGAGGAAGTAA	no_data	GCTGCGTTCTTCATCGATGC	L-T1-D123	35210	Leaves	11/22/2022	Florida	L-T1-D123	FL_DUDA	5/17/2021
L-T1-D131	ITS	CTTGGTCATTTAGAGGAAGTAA	no_data	GCTGCGTTCTTCATCGATGC	L-T1-D131	51266	Leaves	11/22/2022	Florida	L-T1-D131	FL_DUDA	5/17/2021
L-T1-D133	ITS	CTTGGTCATTTAGAGGAAGTAA	no_data	GCTGCGTTCTTCATCGATGC	L-T1-D133	62579	Leaves	11/22/2022	Florida	L-T1-D133	FL_DUDA	5/17/2021
L-T1-D134	ITS	CTTGGTCATTTAGAGGAAGTAA	no_data	GCTGCGTTCTTCATCGATGC	L-T1-D134	39065	Leaves	11/22/2022	Florida	L-T1-D134	FL_DUDA	5/17/2021
L-T1-D152	ITS	CTTGGTCATTTAGAGGAAGTAA	no_data	GCTGCGTTCTTCATCGATGC	L-T1-D152	10090	Leaves	11/22/2022	Florida	L-T1-D152	FL_DUDA	5/17/2021
L-T1-D153	ITS	CTTGGTCATTTAGAGGAAGTAA	no_data	GCTGCGTTCTTCATCGATGC	L-T1-D153	13952	Leaves	11/22/2022	Florida	L-T1-D153	FL_DUDA	5/17/2021
L-T1-D154	ITS	CTTGGTCATTTAGAGGAAGTAA	no_data	GCTGCGTTCTTCATCGATGC	L-T1-D154	22868	Leaves	11/22/2022	Florida	L-T1-D154	FL_DUDA	5/17/2021
L-T1-LB012	ITS	CTTGGTCATTTAGAGGAAGTAA	no_data	GCTGCGTTCTTCATCGATGC	L-T1-LB012	54278	Leaves	11/29/2022	Florida	L-T1-LB012	FL_Larry_Black	7/25/2022
L-T1-LB021	ITS	CTTGGTCATTTAGAGGAAGTAA	no_data	GCTGCGTTCTTCATCGATGC	L-T1-LB021	34926	Leaves	11/29/2022	Florida	L-T1-LB021	FL_Larry_Black	7/25/2022
L-T1-LB022	ITS	CTTGGTCATTTAGAGGAAGTAA	no_data	GCTGCGTTCTTCATCGATGC	L-T1-LB022	21879	Leaves	11/29/2022	Florida	L-T1-LB022	FL_Larry_Black	7/25/2022
L-T1-LB041	ITS	CTTGGTCATTTAGAGGAAGTAA	no_data	GCTGCGTTCTTCATCGATGC	L-T1-LB041	36767	Leaves	11/29/2022	Florida	L-T1-LB041	FL_Larry_Black	7/25/2022
L-T1-LB042	ITS	CTTGGTCATTTAGAGGAAGTAA	no_data	GCTGCGTTCTTCATCGATGC	L-T1-LB042	24337	Leaves	11/29/2022	Florida	L-T1-LB042	FL_Larry_Black	7/25/2022
L-T1-LB051	ITS	CTTGGTCATTTAGAGGAAGTAA	no_data	GCTGCGTTCTTCATCGATGC	L-T1-LB051	72101	Leaves	11/29/2022	Florida	L-T1-LB051	FL_Larry_Black	7/25/2022
L-T1-LB052	ITS	CTTGGTCATTTAGAGGAAGTAA	no_data	GCTGCGTTCTTCATCGATGC	L-T1-LB052	32867	Leaves	11/29/2022	Florida	L-T1-LB052	FL_Larry_Black	7/25/2022
L-T1-LB072	ITS	CTTGGTCATTTAGAGGAAGTAA	no_data	GCTGCGTTCTTCATCGATGC	L-T1-LB072	53793	Leaves	11/29/2022	Florida	L-T1-LB072	FL_Larry_Black	7/25/2022
L-T1-LB081	ITS	CTTGGTCATTTAGAGGAAGTAA	no_data	GCTGCGTTCTTCATCGATGC	L-T1-LB081	34078	Leaves	11/29/2022	Florida	L-T1-LB081	FL_Larry_Black	7/25/2022
L-T1-LB091	ITS	CTTGGTCATTTAGAGGAAGTAA	no_data	GCTGCGTTCTTCATCGATGC	L-T1-LB091	60103	Leaves	11/29/2022	Florida	L-T1-LB091	FL_Larry_Black	7/25/2022
L-T1-LB092	ITS	CTTGGTCATTTAGAGGAAGTAA	no_data	GCTGCGTTCTTCATCGATGC	L-T1-LB092	58243	Leaves	11/29/2022	Florida	L-T1-LB092	FL_Larry_Black	7/25/2022
L-T1-LB102	ITS	CTTGGTCATTTAGAGGAAGTAA	no_data	GCTGCGTTCTTCATCGATGC	L-T1-LB102	15443	Leaves	11/29/2022	Florida	L-T1-LB102	FL_Larry_Black	7/25/2022
L-T1-LB112	ITS	CTTGGTCATTTAGAGGAAGTAA	no_data	GCTGCGTTCTTCATCGATGC	L-T1-LB112	47098	Leaves	11/29/2022	Florida	L-T1-LB112	FL_Larry_Black	7/25/2022
L-T1-LB122	ITS	CTTGGTCATTTAGAGGAAGTAA	no_data	GCTGCGTTCTTCATCGATGC	L-T1-LB122	30388	Leaves	11/29/2022	Florida	L-T1-LB122	FL_Larry_Black	7/25/2022
L-T1-MCC2	ITS	CTTGGTCATTTAGAGGAAGTAA	no_data	GCTGCGTTCTTCATCGATGC	L-T1-MCC2	32349	Leaves	11/22/2022	California	L-T1-MCC2	CA_Field_1	6/8/2022
L-T1-MCC3	ITS	CTTGGTCATTTAGAGGAAGTAA	no_data	GCTGCGTTCTTCATCGATGC	L-T1-MCC3	31710	Leaves	11/22/2022	California	L-T1-MCC3	CA_Field_1	6/8/2022
L-T1-MCH1	ITS	CTTGGTCATTTAGAGGAAGTAA	no_data	GCTGCGTTCTTCATCGATGC	L-T1-MCH1	15076	Leaves	11/22/2022	California	L-T1-MCH1	CA_Field_1	6/8/2022
L-T1-MCH2	ITS	CTTGGTCATTTAGAGGAAGTAA	no_data	GCTGCGTTCTTCATCGATGC	L-T1-MCH2	37500	Leaves	11/22/2022	California	L-T1-MCH2	CA_Field_1	6/8/2022
L-T1-MGC2	ITS	CTTGGTCATTTAGAGGAAGTAA	no_data	GCTGCGTTCTTCATCGATGC	L-T1-MGC2	53702	Leaves	11/22/2022	California	L-T1-MGC2	CA_Field_1	6/8/2022
L-T1-MGH2	ITS	CTTGGTCATTTAGAGGAAGTAA	no_data	GCTGCGTTCTTCATCGATGC	L-T1-MGH2	23880	Leaves	11/22/2022	California	L-T1-MGH2	CA_Field_1	6/8/2022
L-T1-MGH4	ITS	CTTGGTCATTTAGAGGAAGTAA	no_data	GCTGCGTTCTTCATCGATGC	L-T1-MGH4	36704	Leaves	11/22/2022	California	L-T1-MGH4	CA_Field_1	6/8/2022
TAPWATER	ITS	CTTGGTCATTTAGAGGAAGTAA	no_data	GCTGCGTTCTTCATCGATGC	TAPWATER	3566	Control	12/30/2022	Control	TAPWATER	NegControl	12/30/2022
NEGATIVE	ITS	CTTGGTCATTTAGAGGAAGTAA	no_data	GCTGCGTTCTTCATCGATGC	NEGATIVE	1772	Control	12/30/2022	Control	NEG	NegControl	12/30/2022
Neg-D01	ITS	CTTGGTCATTTAGAGGAAGTAA	no_data	GCTGCGTTCTTCATCGATGC	Neg-D01	489	Control	12/30/2022	Control	Neg1	NegControl	12/30/2022
Neg-D02	ITS	CTTGGTCATTTAGAGGAAGTAA	no_data	GCTGCGTTCTTCATCGATGC	Neg-D02	3345	Control	12/30/2022	Control	Neg2	NegControl	12/30/2022
Neg-D03	ITS	CTTGGTCATTTAGAGGAAGTAA	no_data	GCTGCGTTCTTCATCGATGC	Neg-D03	1308	Control	12/30/2022	Control	Neg3	NegControl	12/30/2022
Neg-D04	ITS	CTTGGTCATTTAGAGGAAGTAA	no_data	GCTGCGTTCTTCATCGATGC	Neg-D04	8943	Control	12/30/2022	Control	Neg4	NegControl	12/30/2022
Neg-D05	ITS	CTTGGTCATTTAGAGGAAGTAA	no_data	GCTGCGTTCTTCATCGATGC	Neg-D05	23547	Control	12/30/2022	Control	Neg5	NegControl	12/30/2022
Neg-D06	ITS	CTTGGTCATTTAGAGGAAGTAA	no_data	GCTGCGTTCTTCATCGATGC	Neg-D06	1511	Control	12/30/2022	Control	Neg6	NegControl	12/30/2022
Neg-D07	ITS	CTTGGTCATTTAGAGGAAGTAA	no_data	GCTGCGTTCTTCATCGATGC	Neg-D07	1420	Control	12/30/2022	Control	Neg7	NegControl	12/30/2022
Neg-D08	ITS	CTTGGTCATTTAGAGGAAGTAA	no_data	GCTGCGTTCTTCATCGATGC	Neg-D08	3513	Control	12/30/2022	Control	Neg8	NegControl	12/30/2022
Neg-P02	ITS	CTTGGTCATTTAGAGGAAGTAA	no_data	GCTGCGTTCTTCATCGATGC	Neg-P02	306	Control	12/30/2022	Control	NegP2	NegControl	12/30/2022
Neg-P03	ITS	CTTGGTCATTTAGAGGAAGTAA	no_data	GCTGCGTTCTTCATCGATGC	Neg-P03	1365	Control	12/30/2022	Control	NegP3	NegControl	12/30/2022
Neg-P04	ITS	CTTGGTCATTTAGAGGAAGTAA	no_data	GCTGCGTTCTTCATCGATGC	Neg-P04	2326	Control	12/30/2022	Control	NegP4	NegControl	12/30/2022
Neg-P05	ITS	CTTGGTCATTTAGAGGAAGTAA	no_data	GCTGCGTTCTTCATCGATGC	Neg-P05	425	Control	12/30/2022	Control	NegP5	NegControl	12/30/2022
Pos-D01	ITS	CTTGGTCATTTAGAGGAAGTAA	no_data	GCTGCGTTCTTCATCGATGC	Pos-D01	124	Control	12/30/2022	Control	Pos1	PosControl	12/30/2022
Pos-D02	ITS	CTTGGTCATTTAGAGGAAGTAA	no_data	GCTGCGTTCTTCATCGATGC	Pos-D02	44032	Control	12/30/2022	Control	Pos2	PosControl	12/30/2022
Pos-D03	ITS	CTTGGTCATTTAGAGGAAGTAA	no_data	GCTGCGTTCTTCATCGATGC	Pos-D03	152590	Control	12/30/2022	Control	Pos3	PosControl	12/30/2022
Pos-D04	ITS	CTTGGTCATTTAGAGGAAGTAA	no_data	GCTGCGTTCTTCATCGATGC	Pos-D04	132681	Control	12/30/2022	Control	Pos4	PosControl	12/30/2022
POSITIVE	ITS	CTTGGTCATTTAGAGGAAGTAA	no_data	GCTGCGTTCTTCATCGATGC	POSITIVE	33863	Control	12/30/2022	Control	POS	PosControl	12/30/2022
R-T0-CCH1	ITS	CTTGGTCATTTAGAGGAAGTAA	no_data	GCTGCGTTCTTCATCGATGC	R-T0-CCH1	28767	Roots	12/6/2022	California	R-T0-CCH1	CA_Field_1	6/8/2022
R-T0-CCH3	ITS	CTTGGTCATTTAGAGGAAGTAA	no_data	GCTGCGTTCTTCATCGATGC	R-T0-CCH3	125427	Roots	12/6/2022	California	R-T0-CCH3	CA_Field_1	6/8/2022
R-T0-CCH4	ITS	CTTGGTCATTTAGAGGAAGTAA	no_data	GCTGCGTTCTTCATCGATGC	R-T0-CCH4	38939	Roots	12/6/2022	California	R-T0-CCH4	CA_Field_1	6/8/2022
R-T0-CGH1	ITS	CTTGGTCATTTAGAGGAAGTAA	no_data	GCTGCGTTCTTCATCGATGC	R-T0-CGH1	124937	Roots	12/6/2022	California	R-T0-CGH1	CA_Field_1	6/8/2022
R-T0-CGH3	ITS	CTTGGTCATTTAGAGGAAGTAA	no_data	GCTGCGTTCTTCATCGATGC	R-T0-CGH3	87882	Roots	12/6/2022	California	R-T0-CGH3	CA_Field_1	6/8/2022
R-T0-CGH4	ITS	CTTGGTCATTTAGAGGAAGTAA	no_data	GCTGCGTTCTTCATCGATGC	R-T0-CGH4	30772	Roots	12/6/2022	California	R-T0-CGH4	CA_Field_1	6/8/2022
R-T0-D011	ITS	CTTGGTCATTTAGAGGAAGTAA	no_data	GCTGCGTTCTTCATCGATGC	R-T0-D011	52920	Roots	12/6/2022	Florida	R-T0-D011	FL_DUDA	5/17/2021
R-T0-D012	ITS	CTTGGTCATTTAGAGGAAGTAA	no_data	GCTGCGTTCTTCATCGATGC	R-T0-D012	22147	Roots	12/6/2022	Florida	R-T0-D012	FL_DUDA	5/17/2021
R-T0-D021	ITS	CTTGGTCATTTAGAGGAAGTAA	no_data	GCTGCGTTCTTCATCGATGC	R-T0-D021	118577	Roots	12/6/2022	Florida	R-T0-D021	FL_DUDA	5/17/2021
R-T0-D022	ITS	CTTGGTCATTTAGAGGAAGTAA	no_data	GCTGCGTTCTTCATCGATGC	R-T0-D022	51994	Roots	12/6/2022	Florida	R-T0-D022	FL_DUDA	5/17/2021
R-T0-D024	ITS	CTTGGTCATTTAGAGGAAGTAA	no_data	GCTGCGTTCTTCATCGATGC	R-T0-D024	47783	Roots	12/6/2022	Florida	R-T0-D024	FL_DUDA	5/17/2021
R-T0-D032	ITS	CTTGGTCATTTAGAGGAAGTAA	no_data	GCTGCGTTCTTCATCGATGC	R-T0-D032	53981	Roots	12/6/2022	Florida	R-T0-D032	FL_DUDA	5/17/2021
R-T0-D033	ITS	CTTGGTCATTTAGAGGAAGTAA	no_data	GCTGCGTTCTTCATCGATGC	R-T0-D033	76956	Roots	12/6/2022	Florida	R-T0-D033	FL_DUDA	5/17/2021
R-T0-D034	ITS	CTTGGTCATTTAGAGGAAGTAA	no_data	GCTGCGTTCTTCATCGATGC	R-T0-D034	121348	Roots	12/20/2022	Florida	R-T0-D034	FL_DUDA	5/17/2021
R-T0-D041	ITS	CTTGGTCATTTAGAGGAAGTAA	no_data	GCTGCGTTCTTCATCGATGC	R-T0-D041	43896	Roots	12/6/2022	Florida	R-T0-D041	FL_DUDA	5/17/2021
R-T0-D042	ITS	CTTGGTCATTTAGAGGAAGTAA	no_data	GCTGCGTTCTTCATCGATGC	R-T0-D042	146412	Roots	12/6/2022	Florida	R-T0-D042	FL_DUDA	5/17/2021
R-T0-D043	ITS	CTTGGTCATTTAGAGGAAGTAA	no_data	GCTGCGTTCTTCATCGATGC	R-T0-D043	15215	Roots	12/6/2022	Florida	R-T0-D043	FL_DUDA	5/17/2021
R-T0-D051	ITS	CTTGGTCATTTAGAGGAAGTAA	no_data	GCTGCGTTCTTCATCGATGC	R-T0-D051	68373	Roots	12/6/2022	Florida	R-T0-D051	FL_DUDA	5/17/2021
R-T0-D052	ITS	CTTGGTCATTTAGAGGAAGTAA	no_data	GCTGCGTTCTTCATCGATGC	R-T0-D052	33677	Roots	12/6/2022	Florida	R-T0-D052	FL_DUDA	5/17/2021
R-T0-D054	ITS	CTTGGTCATTTAGAGGAAGTAA	no_data	GCTGCGTTCTTCATCGATGC	R-T0-D054	41462	Roots	12/6/2022	Florida	R-T0-D054	FL_DUDA	5/17/2021
R-T0-D061	ITS	CTTGGTCATTTAGAGGAAGTAA	no_data	GCTGCGTTCTTCATCGATGC	R-T0-D061	22699	Roots	12/6/2022	Florida	R-T0-D061	FL_DUDA	5/17/2021
R-T0-D063	ITS	CTTGGTCATTTAGAGGAAGTAA	no_data	GCTGCGTTCTTCATCGATGC	R-T0-D063	74689	Roots	12/6/2022	Florida	R-T0-D063	FL_DUDA	5/17/2021
R-T0-D064	ITS	CTTGGTCATTTAGAGGAAGTAA	no_data	GCTGCGTTCTTCATCGATGC	R-T0-D064	80106	Roots	12/6/2022	Florida	R-T0-D064	FL_DUDA	5/17/2021
R-T0-D074	ITS	CTTGGTCATTTAGAGGAAGTAA	no_data	GCTGCGTTCTTCATCGATGC	R-T0-D074	62716	Roots	12/6/2022	Florida	R-T0-D074	FL_DUDA	5/17/2021
R-T0-D083	ITS	CTTGGTCATTTAGAGGAAGTAA	no_data	GCTGCGTTCTTCATCGATGC	R-T0-D083	71956	Roots	12/6/2022	Florida	R-T0-D083	FL_DUDA	5/17/2021
R-T0-D092	ITS	CTTGGTCATTTAGAGGAAGTAA	no_data	GCTGCGTTCTTCATCGATGC	R-T0-D092	55231	Roots	12/6/2022	Florida	R-T0-D092	FL_DUDA	5/17/2021
R-T0-D093	ITS	CTTGGTCATTTAGAGGAAGTAA	no_data	GCTGCGTTCTTCATCGATGC	R-T0-D093	49325	Roots	12/6/2022	Florida	R-T0-D093	FL_DUDA	5/17/2021
R-T0-D102	ITS	CTTGGTCATTTAGAGGAAGTAA	no_data	GCTGCGTTCTTCATCGATGC	R-T0-D102	32724	Roots	12/6/2022	Florida	R-T0-D102	FL_DUDA	5/17/2021
R-T0-D103	ITS	CTTGGTCATTTAGAGGAAGTAA	no_data	GCTGCGTTCTTCATCGATGC	R-T0-D103	44863	Roots	12/6/2022	Florida	R-T0-D103	FL_DUDA	5/17/2021
R-T0-D111	ITS	CTTGGTCATTTAGAGGAAGTAA	no_data	GCTGCGTTCTTCATCGATGC	R-T0-D111	18706	Roots	12/6/2022	Florida	R-T0-D111	FL_DUDA	5/17/2021
R-T0-D112	ITS	CTTGGTCATTTAGAGGAAGTAA	no_data	GCTGCGTTCTTCATCGATGC	R-T0-D112	64433	Roots	12/6/2022	Florida	R-T0-D112	FL_DUDA	5/17/2021
R-T0-D114	ITS	CTTGGTCATTTAGAGGAAGTAA	no_data	GCTGCGTTCTTCATCGATGC	R-T0-D114	35365	Roots	12/6/2022	Florida	R-T0-D114	FL_DUDA	5/17/2021
R-T0-D121	ITS	CTTGGTCATTTAGAGGAAGTAA	no_data	GCTGCGTTCTTCATCGATGC	R-T0-D121	42284	Roots	12/6/2022	Florida	R-T0-D121	FL_DUDA	5/17/2021
R-T0-D123	ITS	CTTGGTCATTTAGAGGAAGTAA	no_data	GCTGCGTTCTTCATCGATGC	R-T0-D123	75037	Roots	12/6/2022	Florida	R-T0-D123	FL_DUDA	5/17/2021
R-T0-D132	ITS	CTTGGTCATTTAGAGGAAGTAA	no_data	GCTGCGTTCTTCATCGATGC	R-T0-D132	107815	Roots	12/6/2022	Florida	R-T0-D132	FL_DUDA	5/17/2021
R-T0-D133	ITS	CTTGGTCATTTAGAGGAAGTAA	no_data	GCTGCGTTCTTCATCGATGC	R-T0-D133	13127	Roots	12/6/2022	Florida	R-T0-D133	FL_DUDA	5/17/2021
R-T0-D141	ITS	CTTGGTCATTTAGAGGAAGTAA	no_data	GCTGCGTTCTTCATCGATGC	R-T0-D141	25150	Roots	12/6/2022	Florida	R-T0-D141	FL_DUDA	5/17/2021
R-T0-D142	ITS	CTTGGTCATTTAGAGGAAGTAA	no_data	GCTGCGTTCTTCATCGATGC	R-T0-D142	46622	Roots	12/6/2022	Florida	R-T0-D142	FL_DUDA	5/17/2021
R-T0-D151	ITS	CTTGGTCATTTAGAGGAAGTAA	no_data	GCTGCGTTCTTCATCGATGC	R-T0-D151	90293	Roots	12/6/2022	Florida	R-T0-D151	FL_DUDA	5/17/2021
R-T0-D152	ITS	CTTGGTCATTTAGAGGAAGTAA	no_data	GCTGCGTTCTTCATCGATGC	R-T0-D152	49018	Roots	12/6/2022	Florida	R-T0-D152	FL_DUDA	5/17/2021
R-T0-D153	ITS	CTTGGTCATTTAGAGGAAGTAA	no_data	GCTGCGTTCTTCATCGATGC	R-T0-D153	60104	Roots	12/6/2022	Florida	R-T0-D153	FL_DUDA	5/17/2021
R-T0-D154	ITS	CTTGGTCATTTAGAGGAAGTAA	no_data	GCTGCGTTCTTCATCGATGC	R-T0-D154	35363	Roots	12/6/2022	Florida	R-T0-D154	FL_DUDA	5/17/2021
R-T0-LB011	ITS	CTTGGTCATTTAGAGGAAGTAA	no_data	GCTGCGTTCTTCATCGATGC	R-T0-LB011	12400	Roots	11/3/2022	Florida	R-T0-LB011	FL_Larry_Black	5/20/2021
R-T0-LB012	ITS	CTTGGTCATTTAGAGGAAGTAA	no_data	GCTGCGTTCTTCATCGATGC	R-T0-LB012	76321	Roots	11/3/2022	Florida	R-T0-LB012	FL_Larry_Black	5/20/2021
R-T0-LB021	ITS	CTTGGTCATTTAGAGGAAGTAA	no_data	GCTGCGTTCTTCATCGATGC	R-T0-LB021	104343	Roots	11/3/2022	Florida	R-T0-LB021	FL_Larry_Black	5/20/2021
R-T0-LB022	ITS	CTTGGTCATTTAGAGGAAGTAA	no_data	GCTGCGTTCTTCATCGATGC	R-T0-LB022	69291	Roots	11/3/2022	Florida	R-T0-LB022	FL_Larry_Black	5/20/2021
R-T0-LB041	ITS	CTTGGTCATTTAGAGGAAGTAA	no_data	GCTGCGTTCTTCATCGATGC	R-T0-LB041	66995	Roots	11/3/2022	Florida	R-T0-LB041	FL_Larry_Black	5/20/2021
R-T0-LB042	ITS	CTTGGTCATTTAGAGGAAGTAA	no_data	GCTGCGTTCTTCATCGATGC	R-T0-LB042	20209	Roots	11/3/2022	Florida	R-T0-LB042	FL_Larry_Black	5/20/2021
R-T0-LB051	ITS	CTTGGTCATTTAGAGGAAGTAA	no_data	GCTGCGTTCTTCATCGATGC	R-T0-LB051	92916	Roots	11/3/2022	Florida	R-T0-LB051	FL_Larry_Black	5/20/2021
R-T0-LB052	ITS	CTTGGTCATTTAGAGGAAGTAA	no_data	GCTGCGTTCTTCATCGATGC	R-T0-LB052	117781	Roots	11/3/2022	Florida	R-T0-LB052	FL_Larry_Black	5/20/2021
R-T0-LB061	ITS	CTTGGTCATTTAGAGGAAGTAA	no_data	GCTGCGTTCTTCATCGATGC	R-T0-LB061	72784	Roots	11/3/2022	Florida	R-T0-LB061	FL_Larry_Black	5/20/2021
R-T0-LB062	ITS	CTTGGTCATTTAGAGGAAGTAA	no_data	GCTGCGTTCTTCATCGATGC	R-T0-LB062	26809	Roots	11/3/2022	Florida	R-T0-LB062	FL_Larry_Black	5/20/2021
R-T0-LB072	ITS	CTTGGTCATTTAGAGGAAGTAA	no_data	GCTGCGTTCTTCATCGATGC	R-T0-LB072	161347	Roots	11/3/2022	Florida	R-T0-LB072	FL_Larry_Black	5/20/2021
R-T0-LB081	ITS	CTTGGTCATTTAGAGGAAGTAA	no_data	GCTGCGTTCTTCATCGATGC	R-T0-LB081	132642	Roots	11/3/2022	Florida	R-T0-LB081	FL_Larry_Black	5/20/2021
R-T0-LB082	ITS	CTTGGTCATTTAGAGGAAGTAA	no_data	GCTGCGTTCTTCATCGATGC	R-T0-LB082	51617	Roots	11/3/2022	Florida	R-T0-LB082	FL_Larry_Black	5/20/2021
R-T0-LB101	ITS	CTTGGTCATTTAGAGGAAGTAA	no_data	GCTGCGTTCTTCATCGATGC	R-T0-LB101	1214	Roots	11/3/2022	Florida	R-T0-LB101	FL_Larry_Black	5/20/2021
R-T0-LB111	ITS	CTTGGTCATTTAGAGGAAGTAA	no_data	GCTGCGTTCTTCATCGATGC	R-T0-LB111	35562	Roots	11/3/2022	Florida	R-T0-LB111	FL_Larry_Black	5/20/2021
R-T0-LB112	ITS	CTTGGTCATTTAGAGGAAGTAA	no_data	GCTGCGTTCTTCATCGATGC	R-T0-LB112	11890	Roots	11/3/2022	Florida	R-T0-LB112	FL_Larry_Black	5/20/2021
R-T0-MCC2	ITS	CTTGGTCATTTAGAGGAAGTAA	no_data	GCTGCGTTCTTCATCGATGC	R-T0-MCC2	54254	Roots	12/6/2022	California	R-T0-MCC2	CA_Field_1	6/8/2022
R-T0-MCC4	ITS	CTTGGTCATTTAGAGGAAGTAA	no_data	GCTGCGTTCTTCATCGATGC	R-T0-MCC4	66171	Roots	12/6/2022	California	R-T0-MCC4	CA_Field_1	6/8/2022
R-T0-MCH1	ITS	CTTGGTCATTTAGAGGAAGTAA	no_data	GCTGCGTTCTTCATCGATGC	R-T0-MCH1	118650	Roots	12/6/2022	California	R-T0-MCH1	CA_Field_1	6/8/2022
R-T0-MGC1	ITS	CTTGGTCATTTAGAGGAAGTAA	no_data	GCTGCGTTCTTCATCGATGC	R-T0-MGC1	30412	Roots	12/6/2022	California	R-T0-MGC1	CA_Field_1	6/8/2022
R-T0-MGC2	ITS	CTTGGTCATTTAGAGGAAGTAA	no_data	GCTGCGTTCTTCATCGATGC	R-T0-MGC2	26309	Roots	12/6/2022	California	R-T0-MGC2	CA_Field_1	6/8/2022
R-T0-MGC4	ITS	CTTGGTCATTTAGAGGAAGTAA	no_data	GCTGCGTTCTTCATCGATGC	R-T0-MGC4	40351	Roots	12/6/2022	California	R-T0-MGC4	CA_Field_1	6/8/2022
R-T0-MGH3	ITS	CTTGGTCATTTAGAGGAAGTAA	no_data	GCTGCGTTCTTCATCGATGC	R-T0-MGH3	46536	Roots	12/6/2022	California	R-T0-MGH3	CA_Field_1	6/8/2022
R-T1-CCC1	ITS	CTTGGTCATTTAGAGGAAGTAA	no_data	GCTGCGTTCTTCATCGATGC	R-T1-CCC1	41955	Roots	12/15/2022	California	R-T1-CCC1	CA_Field_1	6/8/2022
R-T1-CCC2	ITS	CTTGGTCATTTAGAGGAAGTAA	no_data	GCTGCGTTCTTCATCGATGC	R-T1-CCC2	41389	Roots	12/15/2022	California	R-T1-CCC2	CA_Field_1	6/8/2022
R-T1-CCC3	ITS	CTTGGTCATTTAGAGGAAGTAA	no_data	GCTGCGTTCTTCATCGATGC	R-T1-CCC3	42342	Roots	12/15/2022	California	R-T1-CCC3	CA_Field_1	6/8/2022
R-T1-CCH3	ITS	CTTGGTCATTTAGAGGAAGTAA	no_data	GCTGCGTTCTTCATCGATGC	R-T1-CCH3	90453	Roots	12/20/2022	California	R-T1-CCH3	CA_Field_1	6/8/2022
R-T1-CCH4	ITS	CTTGGTCATTTAGAGGAAGTAA	no_data	GCTGCGTTCTTCATCGATGC	R-T1-CCH4	110267	Roots	12/15/2022	California	R-T1-CCH4	CA_Field_1	6/8/2022
R-T1-CGC2	ITS	CTTGGTCATTTAGAGGAAGTAA	no_data	GCTGCGTTCTTCATCGATGC	R-T1-CGC2	24954	Roots	12/15/2022	California	R-T1-CGC2	CA_Field_1	6/8/2022
R-T1-CGC3	ITS	CTTGGTCATTTAGAGGAAGTAA	no_data	GCTGCGTTCTTCATCGATGC	R-T1-CGC3	72395	Roots	12/15/2022	California	R-T1-CGC3	CA_Field_1	6/8/2022
R-T1-CGC4	ITS	CTTGGTCATTTAGAGGAAGTAA	no_data	GCTGCGTTCTTCATCGATGC	R-T1-CGC4	81300	Roots	12/15/2022	California	R-T1-CGC4	CA_Field_1	6/8/2022
R-T1-CGH1	ITS	CTTGGTCATTTAGAGGAAGTAA	no_data	GCTGCGTTCTTCATCGATGC	R-T1-CGH1	76896	Roots	12/15/2022	California	R-T1-CGH1	CA_Field_1	6/8/2022
R-T1-CGH2	ITS	CTTGGTCATTTAGAGGAAGTAA	no_data	GCTGCGTTCTTCATCGATGC	R-T1-CGH2	46805	Roots	12/15/2022	California	R-T1-CGH2	CA_Field_1	6/8/2022
R-T1-CGH4	ITS	CTTGGTCATTTAGAGGAAGTAA	no_data	GCTGCGTTCTTCATCGATGC	R-T1-CGH4	133286	Roots	12/15/2022	California	R-T1-CGH4	CA_Field_1	6/8/2022
R-T1-D011	ITS	CTTGGTCATTTAGAGGAAGTAA	no_data	GCTGCGTTCTTCATCGATGC	R-T1-D011	101582	Roots	12/12/2022	Florida	R-T1-D011	FL_DUDA	7/28/2022
R-T1-D014	ITS	CTTGGTCATTTAGAGGAAGTAA	no_data	GCTGCGTTCTTCATCGATGC	R-T1-D014	161292	Roots	12/12/2022	Florida	R-T1-D014	FL_DUDA	7/28/2022
R-T1-D021	ITS	CTTGGTCATTTAGAGGAAGTAA	no_data	GCTGCGTTCTTCATCGATGC	R-T1-D021	50743	Roots	12/12/2022	Florida	R-T1-D021	FL_DUDA	7/28/2022
R-T1-D023	ITS	CTTGGTCATTTAGAGGAAGTAA	no_data	GCTGCGTTCTTCATCGATGC	R-T1-D023	69371	Roots	12/12/2022	Florida	R-T1-D023	FL_DUDA	7/28/2022
R-T1-D031	ITS	CTTGGTCATTTAGAGGAAGTAA	no_data	GCTGCGTTCTTCATCGATGC	R-T1-D031	3556	Roots	12/12/2022	Florida	R-T1-D031	FL_DUDA	7/28/2022
R-T1-D034	ITS	CTTGGTCATTTAGAGGAAGTAA	no_data	GCTGCGTTCTTCATCGATGC	R-T1-D034	96301	Roots	12/12/2022	Florida	R-T1-D034	FL_DUDA	7/28/2022
R-T1-D041	ITS	CTTGGTCATTTAGAGGAAGTAA	no_data	GCTGCGTTCTTCATCGATGC	R-T1-D041	39912	Roots	12/12/2022	Florida	R-T1-D041	FL_DUDA	7/28/2022
R-T1-D042	ITS	CTTGGTCATTTAGAGGAAGTAA	no_data	GCTGCGTTCTTCATCGATGC	R-T1-D042	83789	Roots	12/12/2022	Florida	R-T1-D042	FL_DUDA	7/28/2022
R-T1-D051	ITS	CTTGGTCATTTAGAGGAAGTAA	no_data	GCTGCGTTCTTCATCGATGC	R-T1-D051	41629	Roots	12/12/2022	Florida	R-T1-D051	FL_DUDA	7/28/2022
R-T1-D054	ITS	CTTGGTCATTTAGAGGAAGTAA	no_data	GCTGCGTTCTTCATCGATGC	R-T1-D054	57554	Roots	12/12/2022	Florida	R-T1-D054	FL_DUDA	7/28/2022
R-T1-D061	ITS	CTTGGTCATTTAGAGGAAGTAA	no_data	GCTGCGTTCTTCATCGATGC	R-T1-D061	49227	Roots	12/12/2022	Florida	R-T1-D061	FL_DUDA	7/28/2022
R-T1-D062	ITS	CTTGGTCATTTAGAGGAAGTAA	no_data	GCTGCGTTCTTCATCGATGC	R-T1-D062	16988	Roots	12/12/2022	Florida	R-T1-D062	FL_DUDA	7/28/2022
R-T1-D064	ITS	CTTGGTCATTTAGAGGAAGTAA	no_data	GCTGCGTTCTTCATCGATGC	R-T1-D064	97831	Roots	12/12/2022	Florida	R-T1-D064	FL_DUDA	7/28/2022
R-T1-D072	ITS	CTTGGTCATTTAGAGGAAGTAA	no_data	GCTGCGTTCTTCATCGATGC	R-T1-D072	74437	Roots	12/12/2022	Florida	R-T1-D072	FL_DUDA	7/28/2022
R-T1-D074	ITS	CTTGGTCATTTAGAGGAAGTAA	no_data	GCTGCGTTCTTCATCGATGC	R-T1-D074	119660	Roots	12/12/2022	Florida	R-T1-D074	FL_DUDA	7/28/2022
R-T1-D084	ITS	CTTGGTCATTTAGAGGAAGTAA	no_data	GCTGCGTTCTTCATCGATGC	R-T1-D084	121688	Roots	12/12/2022	Florida	R-T1-D084	FL_DUDA	7/28/2022
R-T1-D091	ITS	CTTGGTCATTTAGAGGAAGTAA	no_data	GCTGCGTTCTTCATCGATGC	R-T1-D091	14885	Roots	12/15/2022	Florida	R-T1-D091	FL_DUDA	7/28/2022
R-T1-D092	ITS	CTTGGTCATTTAGAGGAAGTAA	no_data	GCTGCGTTCTTCATCGATGC	R-T1-D092	119827	Roots	12/15/2022	Florida	R-T1-D092	FL_DUDA	7/28/2022
R-T1-D094	ITS	CTTGGTCATTTAGAGGAAGTAA	no_data	GCTGCGTTCTTCATCGATGC	R-T1-D094	148231	Roots	12/15/2022	Florida	R-T1-D094	FL_DUDA	7/28/2022
R-T1-D102	ITS	CTTGGTCATTTAGAGGAAGTAA	no_data	GCTGCGTTCTTCATCGATGC	R-T1-D102	46609	Roots	12/15/2022	Florida	R-T1-D102	FL_DUDA	7/28/2022
R-T1-D103	ITS	CTTGGTCATTTAGAGGAAGTAA	no_data	GCTGCGTTCTTCATCGATGC	R-T1-D103	70058	Roots	12/12/2022	Florida	R-T1-D103	FL_DUDA	7/28/2022
R-T1-D111	ITS	CTTGGTCATTTAGAGGAAGTAA	no_data	GCTGCGTTCTTCATCGATGC	R-T1-D111	16816	Roots	12/15/2022	Florida	R-T1-D111	FL_DUDA	7/28/2022
R-T1-D112	ITS	CTTGGTCATTTAGAGGAAGTAA	no_data	GCTGCGTTCTTCATCGATGC	R-T1-D112	72201	Roots	12/15/2022	Florida	R-T1-D112	FL_DUDA	7/28/2022
R-T1-D113	ITS	CTTGGTCATTTAGAGGAAGTAA	no_data	GCTGCGTTCTTCATCGATGC	R-T1-D113	64539	Roots	12/15/2022	Florida	R-T1-D113	FL_DUDA	7/28/2022
R-T1-D121	ITS	CTTGGTCATTTAGAGGAAGTAA	no_data	GCTGCGTTCTTCATCGATGC	R-T1-D121	16805	Roots	12/15/2022	Florida	R-T1-D121	FL_DUDA	7/28/2022
R-T1-D122	ITS	CTTGGTCATTTAGAGGAAGTAA	no_data	GCTGCGTTCTTCATCGATGC	R-T1-D122	43443	Roots	12/15/2022	Florida	R-T1-D122	FL_DUDA	7/28/2022
R-T1-D123	ITS	CTTGGTCATTTAGAGGAAGTAA	no_data	GCTGCGTTCTTCATCGATGC	R-T1-D123	152992	Roots	12/15/2022	Florida	R-T1-D123	FL_DUDA	7/28/2022
R-T1-D124	ITS	CTTGGTCATTTAGAGGAAGTAA	no_data	GCTGCGTTCTTCATCGATGC	R-T1-D124	48449	Roots	12/15/2022	Florida	R-T1-D124	FL_DUDA	7/28/2022
R-T1-D131	ITS	CTTGGTCATTTAGAGGAAGTAA	no_data	GCTGCGTTCTTCATCGATGC	R-T1-D131	23248	Roots	12/15/2022	Florida	R-T1-D131	FL_DUDA	7/28/2022
R-T1-D134	ITS	CTTGGTCATTTAGAGGAAGTAA	no_data	GCTGCGTTCTTCATCGATGC	R-T1-D134	83918	Roots	12/15/2022	Florida	R-T1-D134	FL_DUDA	7/28/2022
R-T1-D143	ITS	CTTGGTCATTTAGAGGAAGTAA	no_data	GCTGCGTTCTTCATCGATGC	R-T1-D143	66444	Roots	12/15/2022	Florida	R-T1-D143	FL_DUDA	7/28/2022
R-T1-D152	ITS	CTTGGTCATTTAGAGGAAGTAA	no_data	GCTGCGTTCTTCATCGATGC	R-T1-D152	29013	Roots	12/15/2022	Florida	R-T1-D152	FL_DUDA	7/28/2022
R-T1-D154	ITS	CTTGGTCATTTAGAGGAAGTAA	no_data	GCTGCGTTCTTCATCGATGC	R-T1-D154	92875	Roots	12/15/2022	Florida	R-T1-D154	FL_DUDA	7/28/2022
R-T1-LB011	ITS	CTTGGTCATTTAGAGGAAGTAA	no_data	GCTGCGTTCTTCATCGATGC	R-T1-LB011	46381	Roots	12/13/2022	Florida	R-T1-LB011	FL_Larry_Black	7/25/2022
R-T1-LB021	ITS	CTTGGTCATTTAGAGGAAGTAA	no_data	GCTGCGTTCTTCATCGATGC	R-T1-LB021	53918	Roots	12/13/2022	Florida	R-T1-LB021	FL_Larry_Black	7/25/2022
R-T1-LB022	ITS	CTTGGTCATTTAGAGGAAGTAA	no_data	GCTGCGTTCTTCATCGATGC	R-T1-LB022	48799	Roots	12/13/2022	Florida	R-T1-LB022	FL_Larry_Black	7/25/2022
R-T1-LB032	ITS	CTTGGTCATTTAGAGGAAGTAA	no_data	GCTGCGTTCTTCATCGATGC	R-T1-LB032	35799	Roots	12/13/2022	Florida	R-T1-LB032	FL_Larry_Black	7/25/2022
R-T1-LB062	ITS	CTTGGTCATTTAGAGGAAGTAA	no_data	GCTGCGTTCTTCATCGATGC	R-T1-LB062	98109	Roots	12/13/2022	Florida	R-T1-LB062	FL_Larry_Black	7/25/2022
R-T1-LB071	ITS	CTTGGTCATTTAGAGGAAGTAA	no_data	GCTGCGTTCTTCATCGATGC	R-T1-LB071	29061	Roots	12/13/2022	Florida	R-T1-LB071	FL_Larry_Black	7/25/2022
R-T1-LB082	ITS	CTTGGTCATTTAGAGGAAGTAA	no_data	GCTGCGTTCTTCATCGATGC	R-T1-LB082	105687	Roots	12/13/2022	Florida	R-T1-LB082	FL_Larry_Black	7/25/2022
R-T1-LB092	ITS	CTTGGTCATTTAGAGGAAGTAA	no_data	GCTGCGTTCTTCATCGATGC	R-T1-LB092	40768	Roots	12/13/2022	Florida	R-T1-LB092	FL_Larry_Black	7/25/2022
R-T1-LB101	ITS	CTTGGTCATTTAGAGGAAGTAA	no_data	GCTGCGTTCTTCATCGATGC	R-T1-LB101	32414	Roots	12/13/2022	Florida	R-T1-LB101	FL_Larry_Black	7/25/2022
R-T1-LB102	ITS	CTTGGTCATTTAGAGGAAGTAA	no_data	GCTGCGTTCTTCATCGATGC	R-T1-LB102	82030	Roots	12/13/2022	Florida	R-T1-LB102	FL_Larry_Black	7/25/2022
R-T1-LB111	ITS	CTTGGTCATTTAGAGGAAGTAA	no_data	GCTGCGTTCTTCATCGATGC	R-T1-LB111	46400	Roots	12/13/2022	Florida	R-T1-LB111	FL_Larry_Black	7/25/2022
R-T1-LB112	ITS	CTTGGTCATTTAGAGGAAGTAA	no_data	GCTGCGTTCTTCATCGATGC	R-T1-LB112	72366	Roots	12/13/2022	Florida	R-T1-LB112	FL_Larry_Black	7/25/2022
R-T1-LB121	ITS	CTTGGTCATTTAGAGGAAGTAA	no_data	GCTGCGTTCTTCATCGATGC	R-T1-LB121	112968	Roots	12/13/2022	Florida	R-T1-LB121	FL_Larry_Black	7/25/2022
R-T1-MCC1	ITS	CTTGGTCATTTAGAGGAAGTAA	no_data	GCTGCGTTCTTCATCGATGC	R-T1-MCC1	94455	Roots	12/15/2022	California	R-T1-MCC1	CA_Field_1	6/8/2022
R-T1-MCC3	ITS	CTTGGTCATTTAGAGGAAGTAA	no_data	GCTGCGTTCTTCATCGATGC	R-T1-MCC3	78704	Roots	12/15/2022	California	R-T1-MCC3	CA_Field_1	6/8/2022
R-T1-MCC4	ITS	CTTGGTCATTTAGAGGAAGTAA	no_data	GCTGCGTTCTTCATCGATGC	R-T1-MCC4	173912	Roots	12/15/2022	California	R-T1-MCC4	CA_Field_1	6/8/2022
R-T1-MCH1	ITS	CTTGGTCATTTAGAGGAAGTAA	no_data	GCTGCGTTCTTCATCGATGC	R-T1-MCH1	66520	Roots	12/15/2022	California	R-T1-MCH1	CA_Field_1	6/8/2022
R-T1-MCH2	ITS	CTTGGTCATTTAGAGGAAGTAA	no_data	GCTGCGTTCTTCATCGATGC	R-T1-MCH2	56339	Roots	12/15/2022	California	R-T1-MCH2	CA_Field_1	6/8/2022
R-T1-MCH3	ITS	CTTGGTCATTTAGAGGAAGTAA	no_data	GCTGCGTTCTTCATCGATGC	R-T1-MCH3	104230	Roots	12/15/2022	California	R-T1-MCH3	CA_Field_1	6/8/2022
R-T1-MCH4	ITS	CTTGGTCATTTAGAGGAAGTAA	no_data	GCTGCGTTCTTCATCGATGC	R-T1-MCH4	44473	Roots	12/15/2022	California	R-T1-MCH4	CA_Field_1	6/8/2022
R-T1-MGC4	ITS	CTTGGTCATTTAGAGGAAGTAA	no_data	GCTGCGTTCTTCATCGATGC	R-T1-MGC4	77450	Roots	12/15/2022	California	R-T1-MGC4	CA_Field_1	6/8/2022
R-T1-MGH3	ITS	CTTGGTCATTTAGAGGAAGTAA	no_data	GCTGCGTTCTTCATCGATGC	R-T1-MGH3	47981	Roots	12/15/2022	California	R-T1-MGH3	CA_Field_1	6/8/2022
